0.0,1,0,-0.967761991299,-0.251866488831,0.0831190091738,-0.99653962807,-0.871432978822,-0.490514590427,0.0,1,0,0.967761991299,0.251866488831,0.883644803388,-0.468157944977,0.999355052691,0.0359093116212,0.0,1,0,-0.0831190091738,0.99653962807,-0.883644803388,0.468157944977,-0.64440961267,0.76468048955,0,0.0,0.0,1.0,0.0,0.0,1.0,0.0,0.0,1.0,0.0,0.0,0.0,0.0,0.0,1.0,0.0,0.0,0.0,0.0,0.0,0.0,0.0,0.0,0.0,0.0,1.0,0.0,0.0,0.0,0.0,0.0,1.0,0.0,0.0,0.0,0 ,4994.0 ,210.28681497 ,1 ,4998.85540989
2.0,0.9988,0,-0.968121157132,-0.250482384835,0.0839390625078,-0.996470889582,-0.873001475348,-0.487717565851,2.0,0.9988,0,0.968121157132,0.250482384835,0.883253055512,-0.468896619661,0.999341954038,0.036272012617,2.0,0.9988,0,-0.0839390625078,0.996470889582,-0.883253055512,0.468896619661,-0.643918658653,0.765093955693,0,0.0,0.0,1.0,0.0,0.0,1.0,0.0,0.0,1.0,0.0,0.0,0.0,0.0,0.0,1.0,0.0,0.0,0.0,0.0,0.0,0.0,0.0,0.0,0.0,0.0,1.0,0.0,0.0,0.0,1.0,0.0,0.0,0.0,0.0,0.0,0 ,4980.0 ,206.344329915 ,2 ,4985.04626837
4.0,0.996,0,-0.968855866337,-0.247625342531,0.0856285074489,-0.996327134385,-0.876220214121,-0.481910921608,4.0,0.996,0,0.968855866337,0.247625342531,0.882446519895,-0.470412733166,0.999314531044,0.0370198331093,4.0,0.996,0,-0.0856285074489,0.996327134385,-0.882446519895,0.470412733166,-0.642913435714,0.765938844934,0,0.0,0.0,0.0,1.0,0.0,1.0,0.0,0.0,1.0,0.0,0.0,0.0,0.0,0.0,1.0,0.0,0.0,0.0,0.0,0.0,0.0,0.0,0.0,0.0,0.0,1.0,0.0,0.0,0.0,1.0,0.0,0.0,0.0,0.0,0.0,0 ,4950.0 ,200.435762165 ,3 ,4955.28912963
6.0,0.99,0,-0.970000448071,-0.24310312779,0.08829364141,-0.996094489939,-0.881261306515,-0.472629357573,6.0,0.99,0,0.970000448071,0.24310312779,0.881175667324,-0.472789005071,0.99927006844,0.0382011821697,6.0,0.99,0,-0.08829364141,0.996094489939,-0.881175667324,0.472789005071,-0.641344492999,0.767253049065,0,0.0,0.0,0.0,1.0,0.0,1.0,0.0,0.0,1.0,0.0,0.0,0.0,0.0,0.0,1.0,0.0,0.0,0.0,0.0,0.0,0.0,0.0,0.0,0.0,0.0,1.0,0.0,0.0,0.0,1.0,0.0,0.0,0.0,0.0,0.0,0 ,4896.0 ,192.568380973 ,4 ,4901.59296052
8.0,0.9792,0,-0.971610461905,-0.236586369676,0.092115244317,-0.99574835263,-0.888404999883,-0.459060514729,8.0,0.9792,0,0.971610461905,0.236586369676,0.879356587177,-0.476163829568,0.999203729356,0.0398987122662,8.0,0.9792,0,-0.092115244317,0.99574835263,-0.879356587177,0.476163829568,-0.639129946574,0.769098765694,0,0.0,0.0,0.0,1.0,0.0,0.0,1.0,0.0,1.0,0.0,0.0,0.0,0.0,0.0,1.0,0.0,0.0,0.0,0.0,0.0,0.0,0.0,0.0,0.0,0.0,1.0,0.0,0.0,0.0,1.0,0.0,0.0,0.0,0.0,0.0,0 ,4810.0 ,182.754094515 ,5 ,4815.97183363
10.0,0.962,0,-0.973767801465,-0.227543993173,0.0973817218053,-0.995247105124,-0.898066311096,-0.439860092386,10.0,0.962,0,0.973767801465,0.227543993173,0.876856187504,-0.480752770597,0.999107279181,0.0422450551733,10.0,0.962,0,-0.0973817218053,0.995247105124,-0.876856187504,0.480752770597,-0.636144142492,0.771570236578,0,0.0,0.0,0.0,1.0,0.0,0.0,1.0,0.0,1.0,0.0,0.0,0.0,0.0,0.0,1.0,0.0,0.0,0.0,0.0,0.0,0.0,0.0,0.0,0.0,0.0,1.0,0.0,0.0,0.0,1.0,0.0,0.0,0.0,0.0,0.0,0 ,4705.0 ,172.96633188 ,6 ,4711.38147197
10.0,0.941,0,-0.97609891439,-0.217326734036,0.103283476181,-0.994651961013,-0.908605409167,-0.417655612235,10.0,0.941,0,0.97609891439,0.217326734036,0.874063381944,-0.485811902226,0.998992191515,0.0448843100976,10.0,0.941,0,-0.103283476181,0.994651961013,-0.874063381944,0.485811902226,-0.632885811398,0.774245148342,0,0.0,0.0,0.0,1.0,0.0,0.0,1.0,0.0,1.0,0.0,0.0,0.0,0.0,0.0,1.0,0.0,0.0,0.0,0.0,0.0,0.0,0.0,0.0,0.0,0.0,1.0,0.0,0.0,0.0,1.0,0.0,0.0,0.0,0.0,0.0,0 ,4600.0 ,163.211081447 ,7 ,4606.82703495
10.0,0.92,0,-0.978616371656,-0.205693940421,0.10994207507,-0.993937996119,-0.920076200578,-0.391739435249,10.0,0.92,0,0.978616371656,0.205693940421,0.870924578549,-0.491416705535,0.998853339034,0.0478749109673,10.0,0.92,0,-0.10994207507,0.993937996119,-0.870924578549,0.491416705535,-0.629316124564,0.777149416369,0,0.0,0.0,0.0,1.0,0.0,0.0,1.0,0.0,1.0,0.0,0.0,0.0,0.0,0.0,1.0,0.0,0.0,0.0,0.0,0.0,0.0,0.0,0.0,0.0,0.0,1.0,0.0,0.0,0.0,1.0,0.0,0.0,0.0,0.0,0.0,0 ,4495.0 ,153.496210494 ,8 ,4502.31481881
10.0,0.899,0,-0.98132916142,-0.192335844156,0.11751197727,-0.993071465303,-0.932494130052,-0.361185129011,10.0,0.899,0,0.98132916142,0.192335844156,0.867372455713,-0.497659545342,0.998683703169,0.0512919196911,10.0,0.899,0,-0.11751197727,0.993071465303,-0.867372455713,0.497659545342,-0.625388564606,0.780313490374,0,0.0,0.0,0.0,1.0,0.0,0.0,1.0,0.0,1.0,0.0,0.0,0.0,0.0,0.0,1.0,0.0,0.0,0.0,0.0,0.0,0.0,0.0,0.0,0.0,0.0,1.0,0.0,0.0,0.0,1.0,0.0,0.0,0.0,0.0,0.0,0 ,4390.0 ,143.767937779 ,9 ,4397.85565378
10.0,0.878,0,-0.977982182435,-0.208688406097,0.13630179809,-0.990667360842,-0.919391353539,-0.393344046654,10.0,0.878,0,0.977982182435,0.208688406097,0.863321337578,-0.504654602756,0.998473471509,0.0552333838635,10.0,0.878,0,-0.13630179809,0.990667360842,-0.863321337578,0.504654602756,-0.621046938439,0.78377337302,0,0.0,0.0,0.0,1.0,0.0,0.0,1.0,0.0,1.0,0.0,0.0,0.0,0.0,0.0,1.0,0.0,0.0,0.0,0.0,0.0,0.0,0.0,0.0,0.0,0.0,1.0,0.0,0.0,0.0,1.0,0.0,0.0,0.0,0.0,0.0,0 ,4285.0 ,134.060284426 ,10 ,4293.45933074
10.0,0.857,0,-0.981155698114,-0.193218777706,0.146705352551,-0.989180236121,-0.934114679524,-0.356973059904,10.0,0.857,0,0.981155698114,0.193218777706,0.858660596847,-0.512544612129,0.999466546496,0.0326591860803,10.0,0.857,0,-0.146705352551,0.989180236121,-0.858660596847,0.512544612129,-0.654939616961,0.755681214624,0,-0.934114679524,-0.356973059904,0.0,1.0,0.0,1.0,0.0,0.0,1.0,0.0,0.0,0.0,0.0,0.0,1.0,0.0,0.0,0.0,0.0,0.0,0.0,0.0,0.0,0.0,0.0,1.0,0.0,0.0,0.0,1.0,0.0,0.0,0.0,0.0,0.0,0 ,4180.0 ,125.542175903 ,11 ,4189.0654506
10.0,0.836,0,-0.977084450205,-0.212852007665,0.168670419532,-0.985672506249,-0.903066558509,-0.429500629688,10.0,0.836,0,0.977084450205,0.212852007665,0.853245045703,-0.521510203145,0.999355108484,0.0359077588651,10.0,0.836,0,-0.168670419532,0.985672506249,-0.853245045703,0.521510203145,-0.617363879839,0.786677723003,0,0.999355108484,0.0359077588651,0.0,1.0,0.0,0.0,1.0,0.0,1.0,0.0,0.0,0.0,0.0,0.0,1.0,0.0,0.0,0.0,0.0,0.0,0.0,0.0,0.0,0.0,0.0,1.0,0.0,0.0,0.0,1.0,0.0,0.0,0.0,0.0,0.0,0 ,4075.0 ,114.010159849 ,12 ,4084.97114813
10.0,0.815,0,-0.980905857912,-0.194483155863,0.183078771653,-0.983098247059,-0.920905707055,-0.389785426503,10.0,0.815,0,0.980905857912,0.194483155863,0.84688061088,-0.531783067533,0.999999713305,0.000757224633321,10.0,0.815,0,-0.183078771653,0.983098247059,-0.84688061088,0.531783067533,-0.656293170974,0.754505979918,0,-0.920905707055,-0.389785426503,0.0,1.0,0.0,0.0,1.0,0.0,1.0,0.0,0.0,0.0,0.0,0.0,1.0,0.0,0.0,0.0,0.0,0.0,0.0,0.0,0.0,0.0,0.0,1.0,0.0,0.0,0.0,1.0,0.0,0.0,0.0,0.0,0.0,0 ,3970.0 ,105.473241332 ,13 ,3980.78107773
10.0,0.794,0,-0.985137494103,-0.17176762708,0.200123030278,-0.979770775617,-0.895013930837,-0.446038186267,10.0,0.794,0,0.985137494103,0.17176762708,0.839302414872,-0.543664838287,0.998270680837,-0.0587847580726,10.0,0.794,0,-0.200123030278,0.979770775617,-0.839302414872,0.543664838287,-0.637945151129,0.770081803545,0,0.844984028601,-0.534791540144,0.0,1.0,0.0,0.0,1.0,0.0,1.0,0.0,0.0,0.0,0.0,0.0,1.0,0.0,0.0,0.0,0.0,0.0,0.0,0.0,0.0,0.0,0.0,1.0,0.0,0.0,0.0,1.0,0.0,0.0,0.0,0.0,0.0,0 ,3865.0 ,93.5000625639 ,14 ,3877.09518001
10.0,0.773,0,-0.989721248683,-0.143009964357,0.220578250323,-0.975369281598,-0.899227171844,-0.437481992107,10.0,0.773,0,0.989721248683,0.143009964357,0.830140238515,-0.557554647006,0.986813400069,-0.161862019773,10.0,0.773,0,-0.220578250323,0.975369281598,-0.830140238515,0.557554647006,-0.687124156381,0.726540015221,0,-0.756092429547,-0.654464848546,0.0,1.0,0.0,0.0,1.0,0.0,1.0,0.0,0.0,0.0,0.0,0.0,1.0,0.0,0.0,0.0,0.0,0.0,0.0,0.0,0.0,0.0,0.0,1.0,0.0,0.0,0.0,1.0,0.0,0.0,0.0,0.0,0.0,0 ,3760.0 ,84.7348910873 ,15 ,3773.30151396
10.0,0.752,0,-0.994414596557,-0.105544351601,0.245544178194,-0.969385401456,-0.848590056122,-0.529050958463,10.0,0.752,0,0.994414596557,0.105544351601,0.818862262401,-0.573990065433,0.963506617166,-0.267684513333,10.0,0.752,0,-0.245544178194,0.969385401456,-0.818862262401,0.573990065433,-0.685882214066,0.727712572675,0,0.681504879125,-0.73181356897,0.0,1.0,0.0,0.0,1.0,0.0,1.0,0.0,0.0,0.0,0.0,0.0,1.0,0.0,0.0,0.0,0.0,0.0,0.0,0.0,0.0,0.0,0.0,1.0,0.0,0.0,0.0,1.0,0.0,0.0,0.0,0.0,0.0,0 ,3655.0 ,73.5229242271 ,16 ,3670.20120004
10.0,0.731,0,-0.998487628868,-0.0549768587385,0.276624935791,-0.960977962754,-0.859033104509,-0.511920038051,10.0,0.731,0,0.998487628868,0.0549768587385,0.804679905447,-0.593708893119,0.895936052327,-0.444183059267,10.0,0.731,0,-0.276624935791,0.960977962754,-0.804679905447,0.593708893119,-0.747448750963,0.664319474865,0,-0.78858643224,-0.614923929349,0.0,1.0,0.0,0.0,1.0,0.0,1.0,0.0,0.0,0.0,0.0,0.0,1.0,0.0,0.0,0.0,0.0,0.0,0.0,0.0,0.0,0.0,0.0,1.0,0.0,0.0,0.0,1.0,0.0,0.0,0.0,0.0,0.0,0 ,3550.0 ,65.9529231495 ,17 ,3566.86233022
10.0,0.71,0,-0.99796928717,-0.0636969533433,0.316230578642,-0.948682360504,-0.773199739898,-0.63416256766,10.0,0.71,0,0.99796928717,0.0636969533433,0.816701952005,-0.577059720992,0.885546774002,-0.464550224469,10.0,0.71,0,-0.316230578642,0.948682360504,-0.816701952005,0.577059720992,-0.766118959035,0.642698794621,0,0.601631489941,-0.798773779184,0.0,1.0,0.0,0.0,1.0,0.0,1.0,0.0,0.0,0.0,0.0,0.0,1.0,0.0,0.0,0.0,0.0,0.0,0.0,0.0,0.0,0.0,0.0,1.0,0.0,0.0,0.0,1.0,0.0,0.0,0.0,0.0,0.0,0 ,3445.0 ,55.6698170873 ,18 ,3464.76305525
10.0,0.689,0,-0.99713099271,-0.075695332603,0.368087927696,-0.929790985913,-0.766492269127,-0.642253533558,10.0,0.689,0,0.99713099271,0.075695332603,0.831971940352,-0.554817709222,0.806134457104,-0.591732403261,10.0,0.689,0,-0.368087927696,0.929790985913,-0.831971940352,0.554817709222,-0.845603366956,0.533811713802,0,-0.668519249821,-0.74369483837,0.0,1.0,0.0,0.0,1.0,0.0,1.0,0.0,0.0,0.0,0.0,0.0,1.0,0.0,0.0,0.0,0.0,0.0,0.0,0.0,0.0,0.0,0.0,1.0,0.0,0.0,0.0,1.0,0.0,0.0,0.0,0.0,0.0,0 ,3340.0 ,48.7929407922 ,19 ,3362.39476797
10.0,0.668,0,-0.995643790553,-0.0932386311178,0.438072417695,-0.89893968477,-0.631166540976,-0.775647340969,10.0,0.668,0,0.995643790553,0.0932386311178,0.851902208996,-0.523700893934,0.745000525242,-0.667063878042,10.0,0.668,0,-0.438072417695,0.89893968477,-0.851902208996,0.523700893934,-0.909090435915,0.416598823003,0,0.322271911073,-0.946647144047,0.0,1.0,0.0,0.0,1.0,0.0,1.0,0.0,0.0,0.0,0.0,0.0,1.0,0.0,0.0,0.0,0.0,0.0,0.0,0.0,0.0,0.0,0.0,1.0,0.0,0.0,0.0,1.0,0.0,0.0,0.0,0.0,0.0,0 ,3235.0 ,40.9116644264 ,20 ,3261.44290679
10.0,0.647,0,-0.99261730894,-0.121288408321,0.535265198704,-0.844684063456,-0.571638546155,-0.820505559122,10.0,0.647,0,0.99261730894,0.121288408321,0.878699383836,-0.477375526023,0.560695237642,-0.82802225241,10.0,0.647,0,-0.535265198704,0.844684063456,-0.878699383836,0.477375526023,-0.982391535914,0.18683380359,0,-0.436043464378,-0.899925606466,0.0,1.0,0.0,0.0,1.0,0.0,1.0,0.0,0.0,0.0,0.0,0.0,1.0,0.0,0.0,0.0,0.0,0.0,0.0,0.0,0.0,0.0,0.0,1.0,0.0,0.0,0.0,1.0,0.0,0.0,0.0,0.0,0.0,0 ,3130.0 ,36.281302931 ,21 ,3159.66240596
10.0,0.626,0,-0.984902375359,-0.173110690059,0.558029827168,-0.829820891513,-0.462504104354,-0.88661714029,10.0,0.626,0,0.984902375359,0.173110690059,0.864838088006,-0.502050875445,0.330469485268,-0.943816676747,10.0,0.626,0,-0.558029827168,0.829820891513,-0.864838088006,0.502050875445,-0.999878427335,0.0155926441327,0,-0.208384362201,-0.978047011953,0.0,1.0,0.0,0.0,1.0,0.0,1.0,0.0,0.0,0.0,0.0,0.0,1.0,0.0,0.0,0.0,0.0,0.0,0.0,0.0,0.0,0.0,0.0,1.0,0.0,0.0,0.0,1.0,0.0,0.0,0.0,0.0,0.0,0 ,3025.0 ,32.8895899703 ,22 ,3057.60475728
10.0,0.605,0,-0.94636383608,-0.323102908932,0.588504659367,-0.80849382552,-0.375071697679,-0.926995804522,10.0,0.605,0,0.94636383608,0.323102908932,0.896144515543,-0.443762331954,0.245295410952,-0.969448379939,10.0,0.605,0,-0.588504659367,0.80849382552,-0.896144515543,0.443762331954,-0.978224094402,-0.207551490315,0,-0.34159155516,-0.939848503453,0.0,1.0,0.0,0.0,1.0,0.0,1.0,0.0,0.0,0.0,0.0,0.0,1.0,0.0,0.0,0.0,0.0,0.0,0.0,0.0,0.0,0.0,0.0,1.0,0.0,0.0,0.0,1.0,0.0,0.0,0.0,0.0,0.0,0 ,2920.0 ,30.7623210098 ,23 ,2954.80730007
10.0,0.584,0,-0.94636383608,-0.323102908932,0.520329374447,-0.853965656269,-0.44430338544,-0.895876387504,10.0,0.584,0,0.94636383608,0.323102908932,0.938989247558,-0.34394649725,0.148530045195,-0.988907895446,10.0,0.584,0,-0.520329374447,0.853965656269,-0.938989247558,0.34394649725,-0.885152134319,-0.465301729107,0,-0.348822610221,-0.937188767858,0.0,1.0,0.0,0.0,1.0,0.0,1.0,0.0,0.0,0.0,0.0,0.0,1.0,0.0,0.0,0.0,0.0,0.0,0.0,0.0,0.0,0.0,0.0,1.0,0.0,0.0,0.0,1.0,0.0,0.0,0.0,0.0,0.0,0 ,2815.0 ,29.5511287095 ,24 ,2851.23965499
10.0,0.563,0,-0.84364722559,-0.536897903474,0.520329374447,-0.853965656269,-0.362715105112,-0.931900076469,10.0,0.563,0,0.84364722559,0.536897903474,0.942160918585,-0.335160862112,0.0404133916788,-0.999183045179,10.0,0.563,0,-0.520329374447,0.853965656269,-0.942160918585,0.335160862112,-0.835075529885,-0.550135310071,0,-0.358015062265,-0.933715810721,0.0,1.0,0.0,1.0,0.0,0.0,1.0,0.0,0.0,0.0,0.0,0.0,1.0,0.0,0.0,0.0,0.0,0.0,0.0,0.0,0.0,0.0,0.0,1.0,0.0,0.0,0.0,1.0,0.0,0.0,0.0,0.0,0.0,0 ,2710.0 ,28.7286211096 ,25 ,2747.30849276
10.0,0.542,0,-0.84364722559,-0.536897903474,0.32629168289,-0.945269135049,-0.444741913772,-0.895658768804,10.0,0.542,0,0.84364722559,0.536897903474,0.94700024499,-0.321232837656,-0.093836925315,-0.995587581003,10.0,0.542,0,-0.32629168289,0.945269135049,-0.94700024499,0.321232837656,-0.781296084374,-0.624160579131,0,-0.418532401758,-0.9082018656,0.0,1.0,0.0,1.0,0.0,0.0,1.0,0.0,0.0,0.0,0.0,0.0,1.0,0.0,0.0,0.0,0.0,0.0,0.0,0.0,0.0,0.0,0.0,1.0,0.0,0.0,0.0,1.0,0.0,0.0,0.0,0.0,0.0,0 ,2605.0 ,28.2448573126 ,26 ,2643.00467523
10.0,0.521,0,-0.607010711026,-0.79469364959,0.32629168289,-0.945269135049,-0.384620132376,-0.923074944829,10.0,0.521,0,0.607010711026,0.79469364959,0.955247408041,-0.295808028003,-0.240644218132,-0.970613393829,10.0,0.521,0,-0.32629168289,0.945269135049,-0.955247408041,0.295808028003,-0.723231637579,-0.690605530245,0,-0.447103095203,-0.894482432617,0.0,1.0,0.0,1.0,0.0,0.0,1.0,0.0,0.0,0.0,0.0,0.0,1.0,0.0,0.0,0.0,0.0,0.0,0.0,0.0,0.0,0.0,0.0,1.0,0.0,0.0,0.0,1.0,0.0,0.0,0.0,0.0,0.0,0 ,2500.0 ,28.3042824328 ,27 ,2538.03034276
10.0,0.5,0,-0.222676500023,-0.974892392184,0.32629168289,-0.945269135049,-0.334145775422,-0.942521406,10.0,0.5,0,0.222676500023,0.974892392184,0.972007030046,-0.234951768541,-0.396247958349,-0.918143537528,10.0,0.5,0,-0.32629168289,0.945269135049,-0.972007030046,0.234951768541,-0.667655864978,-0.744470043696,0,-0.490654934855,-0.871353966481,0.0,1.0,0.0,1.0,0.0,0.0,1.0,0.0,0.0,0.0,0.0,0.0,1.0,0.0,0.0,0.0,0.0,0.0,0.0,0.0,0.0,0.0,0.0,1.0,0.0,0.0,0.0,1.0,0.0,0.0,0.0,0.0,0.0,0 ,2395.0 ,28.689851375 ,28 ,2432.65553086
10.0,0.479,0,-0.607010711026,-0.79469364959,-0.00949591296468,-0.999954912802,-0.417158364843,-0.908833812444,10.0,0.479,0,0.607010711026,0.79469364959,0.972007030046,-0.234951768541,-0.299599575378,-0.954065036794,10.0,0.479,0,0.00949591296468,0.999954912802,-0.972007030046,0.234951768541,-0.592562628322,-0.805524382944,0,-0.433551089646,-0.901128987807,0.0,1.0,0.0,1.0,0.0,0.0,1.0,0.0,0.0,0.0,0.0,0.0,1.0,0.0,0.0,0.0,0.0,0.0,0.0,0.0,0.0,0.0,0.0,1.0,0.0,0.0,0.0,1.0,0.0,0.0,0.0,0.0,0.0,0 ,2290.0 ,29.0899807204 ,29 ,2327.27609704
10.0,0.458,0,-0.222676500023,-0.974892392184,-0.00949591296468,-0.999954912802,-0.360901551587,-0.932603919176,10.0,0.458,0,0.222676500023,0.974892392184,0.996930682284,0.0782893014469,-0.433516584496,-0.901145588108,10.0,0.458,0,0.00949591296468,0.999954912802,-0.996930682284,-0.0782893014469,-0.517569265055,-0.855641312625,0,-0.455044139008,-0.890468882979,0.0,1.0,0.0,1.0,0.0,0.0,1.0,0.0,0.0,0.0,0.0,0.0,1.0,0.0,0.0,0.0,0.0,0.0,0.0,0.0,0.0,0.0,0.0,1.0,0.0,0.0,0.0,1.0,0.0,0.0,0.0,0.0,0.0,0 ,2185.0 ,29.7332066332 ,30 ,2221.63243031
10.0,0.437,0,-0.607010711026,-0.79469364959,-0.454987092608,-0.890498032317,-0.429650141721,-0.902995435049,10.0,0.437,0,0.607010711026,0.79469364959,0.996930682284,0.0782893014469,-0.324907857919,-0.9457456761,10.0,0.437,0,0.454987092608,0.890498032317,-0.996930682284,-0.0782893014469,-0.418022867802,-0.908436504107,0,-0.379139100579,-0.925339690283,0.0,1.0,0.0,1.0,0.0,0.0,1.0,0.0,0.0,0.0,0.0,0.0,1.0,0.0,0.0,0.0,0.0,0.0,0.0,0.0,0.0,0.0,0.0,1.0,0.0,0.0,0.0,1.0,0.0,0.0,0.0,0.0,0.0,0 ,2080.0 ,30.4910198805 ,31 ,2115.89654154
10.0,0.416,0,-0.222676500023,-0.974892392184,-0.454987092608,-0.890498032317,-0.358864887492,-0.933389518114,10.0,0.416,0,0.222676500023,0.974892392184,-0.710839184889,0.703354571484,-0.427340257736,-0.904090871604,10.0,0.416,0,0.454987092608,0.890498032317,0.710839184889,-0.703354571484,-0.314920557976,-0.949118033842,0,-0.372496400436,-0.928033637139,0.0,1.0,0.0,1.0,0.0,0.0,1.0,0.0,0.0,0.0,0.0,0.0,1.0,0.0,0.0,0.0,0.0,0.0,0.0,0.0,0.0,0.0,0.0,1.0,0.0,0.0,0.0,1.0,0.0,0.0,0.0,0.0,0.0,0 ,1975.0 ,31.2500929896 ,32 ,2010.19990478
10.0,0.395,0,-0.607010711026,-0.79469364959,-0.454987092608,-0.890498032317,-0.42504310177,-0.90517311142,10.0,0.395,0,0.607010711026,0.79469364959,0.996930682284,0.0782893014469,-0.322334465514,-0.946625846014,10.0,0.395,0,0.454987092608,0.890498032317,-0.996930682284,-0.0782893014469,-0.411852223446,-0.911250649406,0,-0.375373857453,-0.926873490365,0.0,1.0,0.0,1.0,0.0,0.0,1.0,0.0,0.0,0.0,0.0,0.0,1.0,0.0,0.0,0.0,0.0,0.0,0.0,0.0,0.0,0.0,0.0,1.0,0.0,0.0,0.0,1.0,0.0,0.0,0.0,0.0,0.0,0 ,1870.0 ,32.0125007916 ,33 ,1904.53779696
10.0,0.374,0,-0.222676500023,-0.974892392184,-0.454987092608,-0.890498032317,-0.35509916231,-0.934828639338,10.0,0.374,0,0.222676500023,0.974892392184,-0.710839184889,0.703354571484,-0.418998770358,-0.907986800806,10.0,0.374,0,0.454987092608,0.890498032317,0.710839184889,-0.703354571484,-0.311293345736,-0.950313870729,0,-0.366532008944,-0.930405441955,0.0,1.0,0.0,1.0,0.0,0.0,1.0,0.0,0.0,0.0,0.0,0.0,1.0,0.0,0.0,0.0,0.0,0.0,0.0,0.0,0.0,0.0,0.0,1.0,0.0,0.0,0.0,1.0,0.0,0.0,0.0,0.0,0.0,0 ,1765.0 ,32.7668939364 ,34 ,1798.91860826
10.0,0.353,0,-0.607010711026,-0.79469364959,-0.454987092608,-0.890498032317,-0.418361800868,-0.908280465261,10.0,0.353,0,0.607010711026,0.79469364959,0.996930682284,0.0782893014469,-0.316380508943,-0.948632370078,10.0,0.353,0,0.454987092608,0.890498032317,-0.996930682284,-0.0782893014469,-0.40283672021,-0.915271859532,0,-0.368515118432,-0.929621755063,0.0,1.0,0.0,1.0,0.0,0.0,1.0,0.0,0.0,0.0,0.0,0.0,1.0,0.0,0.0,0.0,0.0,0.0,0.0,0.0,0.0,0.0,0.0,1.0,0.0,0.0,0.0,1.0,0.0,0.0,0.0,0.0,0.0,0 ,1660.0 ,33.5375491008 ,35 ,1693.31732496
10.0,0.332,0,-0.222676500023,-0.974892392184,-0.454987092608,-0.890498032317,-0.348514401949,-0.937303425596,10.0,0.332,0,0.222676500023,0.974892392184,-0.710839184889,0.703354571484,-0.406964115595,-0.913444146414,10.0,0.332,0,0.454987092608,0.890498032317,0.710839184889,-0.703354571484,-0.303637940089,-0.952787490125,0,-0.356972128629,-0.934115035412,0.0,1.0,0.0,1.0,0.0,0.0,1.0,0.0,0.0,0.0,0.0,0.0,1.0,0.0,0.0,0.0,0.0,0.0,0.0,0.0,0.0,0.0,0.0,1.0,0.0,0.0,0.0,1.0,0.0,0.0,0.0,0.0,0.0,0 ,1555.0 ,34.2847027572 ,36 ,1587.76752719
10.0,0.311,0,-0.607010711026,-0.79469364959,-0.454987092608,-0.890498032317,-0.408308587096,-0.912843961312,10.0,0.311,0,0.607010711026,0.79469364959,0.996930682284,0.0782893014469,-0.305238885056,-0.952275812488,10.0,0.311,0,0.454987092608,0.890498032317,-0.996930682284,-0.0782893014469,-0.389220182533,-0.921144749488,0,-0.357021684926,-0.934096095962,0.0,1.0,0.0,1.0,0.0,0.0,1.0,0.0,0.0,0.0,0.0,0.0,1.0,0.0,0.0,0.0,0.0,0.0,0.0,0.0,0.0,0.0,0.0,1.0,0.0,0.0,0.0,1.0,0.0,0.0,0.0,0.0,0.0,0 ,1450.0 ,35.0703344561 ,37 ,1482.21412784
10.0,0.29,0,-0.222676500023,-0.974892392184,-0.454987092608,-0.890498032317,-0.337485686681,-0.94133065991,10.0,0.29,0,0.222676500023,0.974892392184,-0.710839184889,0.703354571484,-0.388986235472,-0.921243566389,10.0,0.29,0,0.454987092608,0.890498032317,0.710839184889,-0.703354571484,-0.289806520705,-0.957085252502,0,-0.341730610167,-0.939797951729,0.0,1.0,0.0,1.0,0.0,0.0,1.0,0.0,0.0,0.0,0.0,0.0,1.0,0.0,0.0,0.0,0.0,0.0,0.0,0.0,0.0,0.0,0.0,1.0,0.0,0.0,0.0,1.0,0.0,0.0,0.0,0.0,0.0,0 ,1345.0 ,35.8076562043 ,38 ,1376.72698842
10.0,0.269,0,-0.607010711026,-0.79469364959,-0.454987092608,-0.890498032317,-0.392910406927,-0.919576757062,10.0,0.269,0,0.607010711026,0.79469364959,0.996930682284,0.0782893014469,-0.286193219955,-0.958171926562,10.0,0.269,0,0.454987092608,0.890498032317,-0.996930682284,-0.0782893014469,-0.36835559502,-0.929684976547,0,-0.338381730056,-0.941008929163,0.0,1.0,0.0,1.0,0.0,0.0,1.0,0.0,0.0,0.0,0.0,0.0,1.0,0.0,0.0,0.0,0.0,0.0,0.0,0.0,0.0,0.0,0.0,1.0,0.0,0.0,0.0,1.0,0.0,0.0,0.0,0.0,0.0,0 ,1240.0 ,36.5703906794 ,39 ,1271.24452603
10.0,0.248,0,-0.222676500023,-0.974892392184,-0.00949591296468,-0.999954912802,-0.334498324813,-0.942396344803,10.0,0.248,0,0.222676500023,0.974892392184,0.996930682284,0.0782893014469,-0.382841766863,-0.923813932318,10.0,0.248,0,0.00949591296468,0.999954912802,-0.996930682284,-0.0782893014469,-0.456605246116,-0.889669404453,0,-0.40277544072,-0.915298827899,0.0,1.0,0.0,1.0,0.0,0.0,1.0,0.0,0.0,0.0,0.0,0.0,1.0,0.0,0.0,0.0,0.0,0.0,0.0,0.0,0.0,0.0,0.0,1.0,0.0,0.0,0.0,1.0,0.0,0.0,0.0,0.0,0.0,0 ,1135.0 ,37.3219534708 ,40 ,1165.79388154
10.0,0.227,0,-0.607010711026,-0.79469364959,-0.454987092608,-0.890498032317,-0.387844506714,-0.921724817183,10.0,0.227,0,0.607010711026,0.79469364959,0.996930682284,0.0782893014469,-0.282714537897,-0.959204091975,10.0,0.227,0,0.454987092608,0.890498032317,-0.996930682284,-0.0782893014469,-0.36220175493,-0.932099720377,0,-0.333845635643,-0.942627758748,0.0,1.0,0.0,1.0,0.0,0.0,1.0,0.0,0.0,0.0,0.0,0.0,1.0,0.0,0.0,0.0,0.0,0.0,0.0,0.0,0.0,0.0,0.0,1.0,0.0,0.0,0.0,1.0,0.0,0.0,0.0,0.0,0.0,0 ,1030.0 ,38.072061582 ,41 ,1060.36597979
10.0,0.206,0,-0.222676500023,-0.974892392184,-0.00949591296468,-0.999954912802,-0.32928227684,-0.944231529954,10.0,0.206,0,0.222676500023,0.974892392184,0.996930682284,0.0782893014469,-0.373794213486,-0.927511663519,10.0,0.206,0,0.00949591296468,0.999954912802,-0.996930682284,-0.0782893014469,-0.445760149355,-0.895152439111,0,-0.39347570547,-0.919335014674,0.0,1.0,0.0,1.0,0.0,0.0,1.0,0.0,0.0,0.0,0.0,0.0,1.0,0.0,0.0,0.0,0.0,0.0,0.0,0.0,0.0,0.0,0.0,1.0,0.0,0.0,0.0,1.0,0.0,0.0,0.0,0.0,0.0,0 ,925.0 ,38.8123704784 ,42 ,954.964981311
10.0,0.185,0,-0.222676500023,-0.974892392184,-0.454987092608,-0.890498032317,-0.395055818802,-0.918657117771,10.0,0.185,0,0.222676500023,0.974892392184,-0.710839184889,0.703354571484,-0.463568582504,-0.886061041529,10.0,0.185,0,0.454987092608,0.890498032317,0.710839184889,-0.703354571484,-0.372995677358,-0.927833080178,0,-0.415760323896,-0.909474217927,0.0,1.0,0.0,1.0,0.0,0.0,1.0,0.0,0.0,0.0,0.0,0.0,1.0,0.0,0.0,0.0,0.0,0.0,0.0,0.0,0.0,0.0,0.0,1.0,0.0,0.0,0.0,1.0,0.0,0.0,0.0,0.0,0.0,0 ,820.0 ,39.5868493747 ,43 ,849.560914061
10.0,0.164,0,-0.222676500023,-0.974892392184,-0.00949591296468,-0.999954912802,-0.339884582509,-0.940467155499,10.0,0.164,0,0.222676500023,0.974892392184,0.996930682284,0.0782893014469,-0.386938941364,-0.922105338699,10.0,0.164,0,0.00949591296468,0.999954912802,-0.996930682284,-0.0782893014469,-0.455519255434,-0.890225930834,0,-0.404454390364,-0.914558169891,0.0,1.0,0.0,1.0,0.0,0.0,1.0,0.0,0.0,0.0,0.0,0.0,1.0,0.0,0.0,0.0,0.0,0.0,0.0,0.0,0.0,0.0,0.0,1.0,0.0,0.0,0.0,1.0,0.0,0.0,0.0,0.0,0.0,0 ,715.0 ,40.3294978748 ,44 ,744.195746357
10.0,0.143,0,-0.607010711026,-0.79469364959,-0.454987092608,-0.890498032317,-0.392027559142,-0.919953473211,10.0,0.143,0,0.607010711026,0.79469364959,0.996930682284,0.0782893014469,-0.296084420032,-0.955161774892,10.0,0.143,0,0.454987092608,0.890498032317,-0.996930682284,-0.0782893014469,-0.36960877725,-0.929187468587,0,-0.343656907913,-0.939095271867,0.0,1.0,0.0,1.0,0.0,0.0,1.0,0.0,0.0,0.0,0.0,0.0,1.0,0.0,0.0,0.0,0.0,0.0,0.0,0.0,0.0,0.0,0.0,1.0,0.0,0.0,0.0,1.0,0.0,0.0,0.0,0.0,0.0,0 ,610.0 ,41.092961723 ,45 ,638.835067566
10.0,0.122,0,-0.222676500023,-0.974892392184,-0.00949591296468,-0.999954912802,-0.337270302303,-0.941407851669,10.0,0.122,0,0.222676500023,0.974892392184,0.996930682284,0.0782893014469,-0.381771276899,-0.924256832344,10.0,0.122,0,0.00949591296468,0.999954912802,-0.996930682284,-0.0782893014469,-0.448545597216,-0.893759949437,0,-0.398907256723,-0.916991276149,0.0,1.0,0.0,1.0,0.0,0.0,1.0,0.0,0.0,0.0,0.0,0.0,1.0,0.0,0.0,0.0,0.0,0.0,0.0,0.0,0.0,0.0,0.0,1.0,0.0,0.0,0.0,1.0,0.0,0.0,0.0,0.0,0.0,0 ,505.0 ,41.8434383436 ,46 ,533.498609665
10.0,0.101,0,-0.222676500023,-0.974892392184,-0.454987092608,-0.890498032317,-0.400474914249,-0.916307722906,10.0,0.101,0,0.222676500023,0.974892392184,-0.710839184889,0.703354571484,-0.46631032376,-0.884621208176,10.0,0.101,0,0.454987092608,0.890498032317,0.710839184889,-0.703354571484,-0.381730377286,-0.924273725179,0,-0.420966106731,-0.907076367779,0.0,1.0,0.0,1.0,0.0,0.0,1.0,0.0,0.0,0.0,0.0,0.0,1.0,0.0,0.0,0.0,0.0,0.0,0.0,0.0,0.0,0.0,0.0,1.0,0.0,0.0,0.0,1.0,0.0,0.0,0.0,0.0,0.0,0 ,400.0 ,42.6101577415 ,47 ,428.168582446
10.0,0.08,0,-0.222676500023,-0.974892392184,-0.00949591296468,-0.999954912802,-0.349127882543,-0.937075088577,10.0,0.08,0,0.222676500023,0.974892392184,0.996930682284,0.0782893014469,-0.396425956256,-0.918066697581,10.0,0.08,0,0.00949591296468,0.999954912802,-0.996930682284,-0.0782893014469,-0.460064941859,-0.887885268079,0,-0.411475080322,-0.911421010442,0.0,1.0,0.0,1.0,0.0,0.0,1.0,0.0,0.0,0.0,0.0,0.0,1.0,0.0,0.0,0.0,0.0,0.0,0.0,0.0,0.0,0.0,0.0,1.0,0.0,0.0,0.0,1.0,0.0,0.0,0.0,0.0,0.0,0 ,295.0 ,43.3338660309 ,48 ,322.876639395
10.0,0.059,0,-0.607010711026,-0.79469364959,-0.454987092608,-0.890498032317,-0.400843942893,-0.91614634936,10.0,0.059,0,0.607010711026,0.79469364959,0.996930682284,0.0782893014469,-0.314841573386,-0.949144237547,10.0,0.059,0,0.454987092608,0.890498032317,-0.996930682284,-0.0782893014469,-0.382810910429,-0.923826719064,0,-0.35867899124,-0.93346096932,0.0,1.0,0.0,1.0,0.0,0.0,1.0,0.0,0.0,0.0,0.0,0.0,1.0,0.0,0.0,0.0,0.0,0.0,0.0,0.0,0.0,0.0,0.0,1.0,0.0,0.0,0.0,1.0,0.0,0.0,0.0,0.0,0.0,0 ,190.0 ,44.1219726876 ,49 ,217.564444473
10.0,0.038,0,-0.222676500023,-0.974892392184,-0.454987092608,-0.890498032317,-0.340184565825,-0.940358687509,10.0,0.038,0,0.222676500023,0.974892392184,-0.710839184889,0.703354571484,-0.382901287763,-0.923789263755,10.0,0.038,0,0.454987092608,0.890498032317,0.710839184889,-0.703354571484,-0.302190241246,-0.953247637341,0,-0.343730350803,-0.939068392577,0.0,1.0,0.0,1.0,0.0,0.0,1.0,0.0,0.0,0.0,0.0,0.0,1.0,0.0,0.0,0.0,0.0,0.0,0.0,0.0,0.0,0.0,0.0,1.0,0.0,0.0,0.0,1.0,0.0,0.0,0.0,0.0,0.0,0 ,85.0 ,44.8582102313 ,50 ,112.292463182
10.0,0.017,0,-0.607010711026,-0.79469364959,-0.454987092608,-0.890498032317,-0.38896259431,-0.921253548285,10.0,0.017,0,0.607010711026,0.79469364959,0.996930682284,0.0782893014469,-0.300882762575,-0.953661136455,10.0,0.017,0,0.454987092608,0.890498032317,-0.996930682284,-0.0782893014469,-0.367574419909,-0.929994110642,0,-0.344948160084,-0.938621737898,0.0,1.0,0.0,1.0,0.0,0.0,1.0,0.0,0.0,0.0,0.0,0.0,1.0,0.0,0.0,0.0,0.0,0.0,0.0,0.0,0.0,0.0,0.0,1.0,0.0,0.0,0.0,1.0,0.0,0.0,0.0,0.0,0.0,0 ,0 ,45.6163410234 ,51 ,27.0219686973
